PK,SK,address,created_at,delivery_company,description,email,email_preferences,GSI1_PK,GSI1_SK,GSI2_PK,GSI2_SK,image_url,memo_for_shop,memo_for_users,messages,name,notification_emails,owner_id,password_hash,phone,pin,preferredDate,preferredTime,price,product_id,shop_id,status,tracking_number,ts_activated_at,ts_banned_at,ts_completed_at,ts_created_at,ts_expired_at,ts_linked_at,ts_shipped_at,ts_submitted_at,ts_updated_at,valid_days,zipCode
QR#8fdad682-0d48-40ce-810d-62e872343ae6,METADATA,,,,,,,QR#BANNED,2026/2/9 11:39,,,,,,,,,,,,17864717,,,,,,BANNED,,,2026/2/9 11:51,,2026/2/9 11:39,,,,,2026/2/9 11:51,,
QR#bbbe6ded-26a8-44bb-a68b-8092e567de11,METADATA,,,,,,,QR#EXPIRED,2026/2/9 12:34,SHOP#e092f365-53f4-4747-a63f-723c3ac1d84f,2026/2/9 12:54,,,,,,,,,,80298475,,,,e9c0a184-bb95-479e-8af6-5bc51d9c68e1,e092f365-53f4-4747-a63f-723c3ac1d84f,EXPIRED,,2026/2/9 12:54,,,2026/2/9 12:34,2026/2/10 12:54,2026/2/9 12:54,,,2026/2/10 17:37,,
QR#0f13f82a-6f1d-4a21-a05d-7b4241a6e0da,METADATA,,,,,,,QR#COMPLETED,2026/2/25 18:27,SHOP#b4c63849-b497-472f-9f33-67e915158201,2026/2/25 18:35,,,,,,,,,,38516412,,,,52d65cb1-a885-4b9d-a8d5-8a2914a91d57,b4c63849-b497-472f-9f33-67e915158201,COMPLETED,,2026/2/25 18:35,,2026/2/25 18:43,2026/2/25 18:27,2026/8/24 18:35,2026/2/25 18:35,2026/2/25 18:42,2026/2/25 18:42,2026/2/25 18:43,,
QR#0f13f82a-6f1d-4a21-a05d-7b4241a6e0da,ORDER,a,,aaaaaaaaaa,,,,,,,,,,,,a,,,,,,,,,,,,11111111111111111,,,,,,,2026/2/25 18:42,2026/2/25 18:42,2026/2/25 18:42,,a
QR#a15b092c-5c80-486e-bea1-d43d22801963,CHAT,,,,,,"{""yudai.ito.9124@gmail.com"":{""S"":""ja""}}",,,,,,,,,,"[""yudai.ito.9124@gmail.com""]",,,,,,,,,,,,,,,,,,,,,,
QR#a15b092c-5c80-486e-bea1-d43d22801963,ORDER,a,,,,yudai.ito.9124@gmail.com,,,,,,,,,,a,,,,a,,,,,,,,,,,,,,,,2026/2/9 11:28,2026/2/9 11:28,,a
QR#5aa05786-83c6-4a08-a7a3-a9cf596a1d10,METADATA,,,,,,,QR#UNASSIGNED,2026/2/24 10:13,,,,,,,,,,,,90086161,,,,,,UNASSIGNED,,,,,2026/2/24 10:13,,,,,2026/2/24 10:13,,
QR#960680e3-ba31-453e-b3ce-5fb24ee7f4ce,METADATA,,,,,,,QR#UNASSIGNED,2026/2/24 15:15,,,,,,,,,,,,58955534,,,,,,UNASSIGNED,,,,,2026/2/24 15:15,,,,,2026/2/24 15:15,,
SHOP#f9e0d187-bd36-4579-9524-aeaa63ea830d,METADATA,,2026/2/1 23:09,,,,,,,USER#d7a49a88-20b1-709a-345f-550590357265,2026/2/1 23:09,,,,,2ndusershop,,d7a49a88-20b1-709a-345f-550590357265,,,,,,,,,,,,,,,,,,,,,
QR#307f3260-49aa-404e-9df2-00c7ffafe022,METADATA,,,,,,,QR#UNASSIGNED,2026/2/24 15:15,,,,,,,,,,,,64458175,,,,,,UNASSIGNED,,,,,2026/2/24 15:15,,,,,2026/2/24 15:15,,
QR#1e842847-1ae9-4552-aa6b-f46e29cffdf6,METADATA,,,,,,,QR#BANNED,2026/2/9 11:51,,,,,,,,,,,,17023387,,,,,,BANNED,,,2026/2/9 12:23,,2026/2/9 11:51,,,,,2026/2/9 12:23,,
QR#282ad32f-5666-4039-a9a5-4ffc4a21bd71,ORDER,a,,,,a@a,,,,,,,,,,a,,,,a,,,,,,,,,,,,,,,,2026/2/5 8:29,,,a
QR#4f97f9da-c5f0-43b0-82b9-70b76c09acf2,METADATA,,,,,,,QR#USED,2026/2/25 9:45,SHOP#b4c63849-b497-472f-9f33-67e915158201,2026/2/25 17:32,,,,,,,,,,50320861,,,,52d65cb1-a885-4b9d-a8d5-8a2914a91d57,b4c63849-b497-472f-9f33-67e915158201,USED,,2026/2/25 17:32,,,2026/2/25 9:45,2026/8/24 17:32,2026/2/25 17:32,,2026/2/25 17:33,2026/2/25 17:33,,
QR#4f97f9da-c5f0-43b0-82b9-70b76c09acf2,ORDER,1,,,,,,,,,,,,,,name,,,,1,,,19-21éû,,,,,,,,,,,,,2026/2/25 17:33,2026/2/25 17:33,,1
QR#61122ffa-d7db-4f1b-8fb4-9ef48a39bada,ORDER,a,,a,,a@a,,,,,,,,,,a,,,,a,,,,,,,,a,,,,,,,2026/2/5 8:40,2026/2/5 8:39,2026/2/5 8:40,,a
QR#92ada91f-a7cb-4b83-93f6-de9a44f010ff,METADATA,,,,,,,QR#ACTIVE,2026/2/9 14:00,SHOP#e092f365-53f4-4747-a63f-723c3ac1d84f,2026/2/20 11:10,,â™˙±êÊê∂,,,,,,,,34028243,,,,f7061789-16d0-45a4-98fa-8198b54e5b08,e092f365-53f4-4747-a63f-723c3ac1d84f,ACTIVE,,2026/2/20 11:10,,,2026/2/9 14:00,2026/8/19 11:10,2026/2/20 11:10,,,2026/2/20 11:10,,
QR#cea1fb47-8a41-4e54-92b0-42e6a90b3cb3,CHAT,,,,,,"{""yudai.ito.9124@gmail.com"":{""S"":""ja""}}",,,,,,,,,,"[""yudai.ito.9124@gmail.com""]",,,,,,,,,,,,,,,,,,,,,,
QR#cea1fb47-8a41-4e54-92b0-42e6a90b3cb3,METADATA,,,,,,,QR#USED,2026/2/25 9:45,SHOP#b4c63849-b497-472f-9f33-67e915158201,2026/2/25 16:21,,,,,,,,$2b$10$RiHvxteN6vMfuIF/bh5KbeJs3IWQCjcsDJXXpTEiD2i4vOj36vGlO,,43493885,,,,52d65cb1-a885-4b9d-a8d5-8a2914a91d57,b4c63849-b497-472f-9f33-67e915158201,USED,,2026/2/25 16:21,,,2026/2/25 9:45,2026/8/24 16:21,2026/2/25 16:21,,2026/2/25 16:26,2026/2/25 16:26,,
QR#cea1fb47-8a41-4e54-92b0-42e6a90b3cb3,ORDER,èZèä,,,,yudai.ito.9124@gmail.com,,,,,,,,,,éÛéÊÇËëæòY,,,,000-0000-0000,,,,,,,,,,,,,,,,2026/2/25 16:26,2026/2/25 16:26,,000-0000
QR#ad9b9c45-f0b2-424a-8570-f4791b9ad440,CHAT,,,,,,"{""saba38322201@gmail.com"":{""S"":""ja""},""sabanomisonidaisuki2201@yahoo.co.jp"":{""S"":""ja""}}",,,,,,,,"[{""M"":{""id"":{""S"":""3256ca9f-1822-47b8-a176-0e8fd82164d8""},""message"":{""S"":""Ç«Ç§Çº""},""ts_created_at"":{""S"":""2026-02-24T01:22:51.795Z""},""username"":{""S"":""ëóÇËéÂÅ@â‘éq""}}},{""M"":{""id"":{""S"":""7c9ddd77-6228-48e8-a636-364aaa227d29""},""message"":{""S"":""Ç†ÇËÇ™Ç∆Ç§ÅI""},""ts_created_at"":{""S"":""2026-02-24T01:23:12.353Z""},""username"":{""S"":""éÛéÊëæòY""}}}]",,"[""saba38322201@gmail.com"",""sabanomisonidaisuki2201@yahoo.co.jp""]",,,,,,,,,,,,,,,,,,,,,,
QR#ad9b9c45-f0b2-424a-8570-f4791b9ad440,METADATA,,,,,,,QR#USED,2026/2/24 10:15,SHOP#e092f365-53f4-4747-a63f-723c3ac1d84f,2026/2/24 10:16,,Teian,Tesutodesu,,,,,$2b$10$TKVtR1WJtwSv4N90lcLeX..x2QPO7mxuv/dSmeDmcYrOY3xURusNW,,60842375,,,,f7061789-16d0-45a4-98fa-8198b54e5b08,e092f365-53f4-4747-a63f-723c3ac1d84f,USED,,2026/2/24 10:16,,,2026/2/24 10:15,2026/8/23 10:16,2026/2/24 10:16,,2026/2/24 10:21,2026/2/24 10:21,,
QR#ad9b9c45-f0b2-424a-8570-f4791b9ad440,ORDER,èHìcésÇÃÇ«Ç±Ç©,,,,saba38322201@gmail.com,,,,,,,,,,Ç§ÇØÇ∆ÇËÅ@ÇΩÇÎÇ§,,,,00000000000,,,,,,,,,,,,,,,,2026/2/24 10:21,2026/2/24 10:21,,000-0000
QR#426ec12c-b9d7-4ead-9bdd-37b36c33d8b8,METADATA,,,,,,,QR#BANNED,2026/2/9 11:39,,,,,,,,,,,,96255816,,,,,,BANNED,,,2026/2/9 11:51,,2026/2/9 11:39,,,,,2026/2/9 11:51,,
QR#477db615-9c65-4ce9-bdf5-48fe796f3730,CHAT,,,,,,"{""ito_y@s.akita-u.ac.jp"":{""S"":""ja""},""sabanomisonidaisuki2201@yahoo.co.jp"":{""S"":""ja""}}",,,,,,,,"[{""M"":{""id"":{""S"":""46fdc620-19b1-4082-b7e0-44f56c268bd6""},""message"":{""S"":""1234""},""ts_created_at"":{""S"":""2026-02-16T23:43:07.226Z""},""username"":{""S"":""123""}}},{""M"":{""id"":{""S"":""d42a4a08-8ce9-491c-9694-74c4ca7ee7ef""},""message"":{""S"":""aaaaaaaaaffffffffffdddddddddddddd""},""ts_created_at"":{""S"":""2026-02-16T23:43:18.805Z""},""username"":{""S"":""123""}}},{""M"":{""id"":{""S"":""e637e62d-471e-4722-aaeb-1a483022ed85""},""message"":{""S"":""nuaaaaaaaaaaaaaaaaaaaa""},""ts_created_at"":{""S"":""2026-02-16T23:43:26.064Z""},""username"":{""S"":""123""}}},{""M"":{""id"":{""S"":""4116e684-b37c-48b3-a1d5-942f5dcb79b1""},""message"":{""S"":""DeliveryCompleted""},""ts_created_at"":{""S"":""2026-02-16T23:45:34.662Z""},""username"":{""S"":""System""}}}]",,"[""ito_y@s.akita-u.ac.jp"",""sabanomisonidaisuki2201@yahoo.co.jp""]",,,,,,,,,,,,,,,,,,,,,,
QR#477db615-9c65-4ce9-bdf5-48fe796f3730,METADATA,,,,,,,QR#COMPLETED,2026/2/17 8:40,SHOP#e092f365-53f4-4747-a63f-723c3ac1d84f,2026/2/17 8:40,,test,test,,,,,$2b$10$rrCW9jZfSXf14/qnyjGfreM2GtpXtfd8ngyo3ELbRwcuUw1dNY6PW,,20279195,,,,f7061789-16d0-45a4-98fa-8198b54e5b08,e092f365-53f4-4747-a63f-723c3ac1d84f,COMPLETED,,2026/2/17 8:40,,2026/2/17 8:45,2026/2/17 8:40,2026/8/16 8:40,2026/2/17 8:40,2026/2/17 8:44,2026/2/17 8:41,2026/2/17 8:45,,
QR#477db615-9c65-4ce9-bdf5-48fe796f3730,ORDER,jusho,,ëÂòaÇ»â^óA,,ito_y@s.akita-u.ac.jp,,,,,,,,,,aa,,,,bango,,,,,,,,í«ê’î‘çÜÇæÇÊ,,,,,,,2026/2/17 8:44,2026/2/17 8:41,2026/2/17 8:44,,123-4567
QR#b716d4dc-1856-4b5b-9c5d-528fc767f708,METADATA,,,,,,,QR#BANNED,2026/2/10 9:50,,,,,,,,,,,,38562303,,,,,,BANNED,,,2026/2/24 10:14,,2026/2/10 9:50,,,,,2026/2/24 10:14,,
QR#be99d1ea-de90-46f5-938d-2b6c064d374e,METADATA,,,,,,,QR#UNASSIGNED,2026/2/25 18:03,,,,,,,,,,,,45708041,,,,,,UNASSIGNED,,,,,2026/2/25 18:03,,,,,2026/2/25 18:03,,
QR#d9f5e26c-99fb-4d65-a7c1-377a7d650407,METADATA,,,,,,,QR#BANNED,2026/2/9 11:51,,,,,,,,,,,,47396275,,,,,,BANNED,,,2026/2/9 12:23,,2026/2/9 11:51,,,,,2026/2/9 12:23,,
QR#c68cfcca-a400-4c3c-b6cf-f4ecbdc0c31b,METADATA,,,,,,,QR#UNASSIGNED,2026/2/25 18:03,,,,,,,,,,,,42609577,,,,,,UNASSIGNED,,,,,2026/2/25 18:03,,,,,2026/2/25 18:03,,
QR#ebb0ff82-b443-4b13-851f-909e6f74b403,METADATA,,,,,,,QR#UNASSIGNED,2026/2/24 10:13,,,,,,,,,,,,24911487,,,,,,UNASSIGNED,,,,,2026/2/24 10:13,,,,,2026/2/24 10:13,,
QR#7364afe2-b2c7-4247-a149-5eda0f08fc34,CHAT,,,,,,"{""saba38322201@gmail.com"":{""S"":""ja""},""sabanomisonidaisuki2201@yahoo.co.jp"":{""S"":""ja""}}",,,,,,,,"[{""M"":{""id"":{""S"":""123109e4-8286-4194-8bbf-05e2a740132a""},""message"":{""S"":""Ç«Ç§Çº?""},""ts_created_at"":{""S"":""2026-02-24T03:23:04.210Z""},""username"":{""S"":""ëóÇËéÂ""}}},{""M"":{""id"":{""S"":""2a408438-c0a9-4920-847e-7a73fe3a4e63""},""message"":{""S"":""DeliveryCompleted""},""ts_created_at"":{""S"":""2026-02-24T03:26:27.206Z""},""username"":{""S"":""System""}}}]",,"[""saba38322201@gmail.com"",""sabanomisonidaisuki2201@yahoo.co.jp""]",,,,,,,,,,,,,,,,,,,,,,
QR#7364afe2-b2c7-4247-a149-5eda0f08fc34,METADATA,,,,,,,QR#COMPLETED,2026/2/24 12:11,SHOP#e092f365-53f4-4747-a63f-723c3ac1d84f,2026/2/24 12:17,,Teiantest,Message,,,,,$2b$10$vZkmHw7r6rEuL/7SBCW1mOzEPxEU6e8JB006nAIpp8SAXJboycBJm,,11206209,,,,f7061789-16d0-45a4-98fa-8198b54e5b08,e092f365-53f4-4747-a63f-723c3ac1d84f,COMPLETED,,2026/2/24 12:17,,2026/2/24 12:26,2026/2/24 12:11,2026/8/23 12:17,2026/2/24 12:17,2026/2/24 12:24,2026/2/24 12:21,2026/2/24 12:26,,
QR#7364afe2-b2c7-4247-a149-5eda0f08fc34,ORDER,Ç†Ç´ÇΩÇµÇÃÇ«Ç±Ç©,,Ç‚Ç‹Ç∆,,saba38322201@gmail.com,,,,,,,,,,Ç§ÇØÇ∆ÇËÇΩÇÎÇ§,,,,0000000000,,,,,,,,í«ê’î‘çÜ,,,,,,,2026/2/24 12:24,2026/2/24 12:21,2026/2/24 12:24,,0000000
QR#64b325a5-8239-464d-9180-168747b2be53,METADATA,,,,,,,QR#UNASSIGNED,2026/2/25 18:03,,,,,,,,,,,,22290175,,,,,,UNASSIGNED,,,,,2026/2/25 18:03,,,,,2026/2/25 18:03,,
QR#a32bfb8f-613e-4a43-a662-0a2d922f07b3,METADATA,,,,,,,QR#ACTIVE,2026/2/9 14:00,SHOP#e092f365-53f4-4747-a63f-723c3ac1d84f,2026/2/20 11:09,,â™˙±êÊê∂,,,,,,,,79867637,,,,f7061789-16d0-45a4-98fa-8198b54e5b08,e092f365-53f4-4747-a63f-723c3ac1d84f,ACTIVE,,2026/2/20 11:09,,,2026/2/9 14:00,2026/8/19 11:09,2026/2/20 11:09,,,2026/2/20 11:09,,
QR#3a2f68a9-ef9d-4e3c-a8f7-026078d5a7a2,METADATA,,,,,,,QR#BANNED,2026/2/9 11:39,,,,,,,,,,,,17125566,,,,,,BANNED,,,2026/2/9 11:51,,2026/2/9 11:39,,,,,2026/2/9 11:51,,
QR#6bf7a712-4d9e-4243-89cf-4cbbdf2ab152,CHAT,,,,,,"{""yudai.ito.9124@gmail.com"":{""S"":""ja""}}",,,,,,,,,,"[""yudai.ito.9124@gmail.com""]",,,,,,,,,,,,,,,,,,,,,,
QR#6bf7a712-4d9e-4243-89cf-4cbbdf2ab152,METADATA,,,,,,,QR#SHIPPED,2026/2/25 9:45,SHOP#b4c63849-b497-472f-9f33-67e915158201,2026/2/25 12:36,,,,,,,,$2b$10$ywK8r4sY0iQZaoHK5ET5zuAVMu9cywDpH8HjlGXPAoa/9M/k0s.aS,,96906081,,,,52d65cb1-a885-4b9d-a8d5-8a2914a91d57,b4c63849-b497-472f-9f33-67e915158201,SHIPPED,,2026/2/25 12:36,,,2026/2/25 9:45,2026/8/24 12:36,2026/2/25 12:36,2026/2/25 16:51,2026/2/25 12:37,2026/2/25 12:37,,
QR#6bf7a712-4d9e-4243-89cf-4cbbdf2ab152,ORDER,èZèä,,1,,yudai.ito.9124@gmail.com,,,,,,,,,,a,,,,ìdòbî‘çÜ,,2026/2/26,16-18éû,,,,,1,,,,,,,2026/2/25 16:51,2026/2/25 12:37,2026/2/25 16:51,,00000000
QR#dfec36dc-1124-4159-9fec-e38ebcd900d1,METADATA,,,,,,,QR#EXPIRED,2026/2/9 12:34,SHOP#e092f365-53f4-4747-a63f-723c3ac1d84f,2026/2/9 12:55,,,,,,,,,,20819302,,,,e9c0a184-bb95-479e-8af6-5bc51d9c68e1,e092f365-53f4-4747-a63f-723c3ac1d84f,EXPIRED,,2026/2/9 12:55,,,2026/2/9 12:34,2026/2/10 12:55,2026/2/9 12:55,,,2026/2/10 17:37,,
QR#68d63326-6f13-4f3b-a20d-4cc8f97897ee,CHAT,,,,,,"{""saba38322201@gmail.com"":{""S"":""ja""},""yudai.ito.9124@gmail.com"":{""S"":""ja""}}",,,,,,,,"[{""M"":{""id"":{""S"":""2db87cb8-f4ba-4103-9649-3a89345e1735""},""message"":{""S"":""aaaaaa""},""ts_created_at"":{""S"":""2026-02-16T07:42:05.225Z""},""username"":{""S"":""aaa""}}}]",,"[""saba38322201@gmail.com"",""yudai.ito.9124@gmail.com""]",,,,,,,,,,,,,,,,,,,,,,
QR#68d63326-6f13-4f3b-a20d-4cc8f97897ee,METADATA,,,,,,,QR#USED,2026/2/10 9:50,SHOP#e092f365-53f4-4747-a63f-723c3ac1d84f,2026/2/16 16:39,,,ÇƒÇ∑Ç∆,,,,,,,37046602,,,,f7061789-16d0-45a4-98fa-8198b54e5b08,e092f365-53f4-4747-a63f-723c3ac1d84f,USED,,2026/2/16 16:39,,,2026/2/10 9:50,2026/8/15 16:39,2026/2/16 16:39,,2026/2/16 16:42,2026/2/16 16:42,,
QR#68d63326-6f13-4f3b-a20d-4cc8f97897ee,ORDER,èZèä,,,,yudai.ito.9124@gmail.com,,,,,,,,,,ñºëO,,,,ìdòbî‘çÜÇæÇÊ,,,,,,,,,,,,,,,,2026/2/16 16:42,2026/2/16 16:42,,000-0000
QR#054b6e3a-060e-4b3a-837f-bd8ab6b04ee4,METADATA,,,,,,,QR#BANNED,2026/2/24 9:11,,,,,,,,,,,,52796664,,,,,,BANNED,,,2026/2/24 10:14,,2026/2/24 9:11,,,,,2026/2/24 10:14,,
QR#f5658798-463f-485e-8bb8-aab5af3a8d3d,METADATA,,,,,,,QR#ACTIVE,2026/3/1 23:50,SHOP#b4c63849-b497-472f-9f33-67e915158201,2026/3/1 23:51,,memoo,teestt,,,,,,,35681597,,,,52d65cb1-a885-4b9d-a8d5-8a2914a91d57,b4c63849-b497-472f-9f33-67e915158201,ACTIVE,,2026/3/1 23:51,,,2026/3/1 23:50,2026/8/28 23:51,2026/3/1 23:51,,,2026/3/1 23:51,,
QR#00b15149-566b-4057-b1ed-1133d37f7fb2,METADATA,,,,,,,QR#ACTIVE,2026/2/24 10:13,SHOP#e092f365-53f4-4747-a63f-723c3ac1d84f,2026/2/24 15:49,,äwí∑,,,,,,,,96170044,,,,f7061789-16d0-45a4-98fa-8198b54e5b08,e092f365-53f4-4747-a63f-723c3ac1d84f,ACTIVE,,2026/2/24 15:49,,,2026/2/24 10:13,2026/8/23 15:49,2026/2/24 15:49,,,2026/2/24 15:49,,
QR#c9ce90ee-fd2d-481f-9190-728fa684b799,METADATA,,,,,,,QR#UNASSIGNED,2026/2/25 9:45,,,,,,,,,,,,44149867,,,,,,UNASSIGNED,,,,,2026/2/25 9:45,,,,,2026/2/25 9:45,,
QR#d8e2657d-8c1d-4ba6-97ee-c1183cd13804,CHAT,,,,,,"{""a@a.a"":{""S"":""ja""},""saba38322201@gmail.com"":{""S"":""ja""},""yudai.ito.9124@gmail.com"":{""S"":""ja""}}",,,,,,,,"[{""M"":{""id"":{""S"":""31df8e01-f611-44f6-b97f-333eb8587ced""},""message"":{""S"":""message for you !""},""ts_created_at"":{""S"":""2026-02-07T04:08:39.239Z""},""username"":{""S"":""yudai""}}},{""M"":{""id"":{""S"":""9165ce57-518b-4746-b23d-b590cc28b722""},""message"":{""S"":""aaaaaaaaaaaaaaaaaaaaaan""},""ts_created_at"":{""S"":""2026-02-07T04:10:24.299Z""},""username"":{""S"":""yudai""}}}]",,"[""a@a.a"",""saba38322201@gmail.com"",""yudai.ito.9124@gmail.com""]",,,,,,,,,,,,,,,,,,,,,,
QR#d8e2657d-8c1d-4ba6-97ee-c1183cd13804,ORDER,juusho,,,,saba38322201@gmail.com,,,,,,,,,,namae,,,,denwabangou,,,,,,,,,,,,,,,,2026/2/7 13:08,2026/2/7 13:08,,bangou
QR#ffb49521-184c-480d-8142-eb5aad7aa4ac,METADATA,,,,,,,QR#BANNED,2026/2/24 8:50,,,,,,,,,,,,88054004,,,,,,BANNED,,,2026/2/24 10:14,,2026/2/24 8:50,,,,,2026/2/24 10:14,,
QR#991aeef9-c108-4519-a956-de1e64014845,METADATA,,,,,,,QR#BANNED,2026/2/9 11:39,,,,,,,,,,,,74474722,,,,,,BANNED,,,2026/2/9 11:51,,2026/2/9 11:39,,,,,2026/2/9 11:51,,
QR#59256264-9386-4eb8-971d-262ff79cfab3,METADATA,,,,,,,QR#UNASSIGNED,2026/2/25 18:03,,,,,,,,,,,,41073430,,,,,,UNASSIGNED,,,,,2026/2/25 18:03,,,,,2026/2/25 18:03,,
QR#3706a1a8-4001-484d-a82a-826d3986d3ad,METADATA,,,,,,,QR#ACTIVE,2026/2/24 10:13,SHOP#e092f365-53f4-4747-a63f-723c3ac1d84f,2026/2/24 15:50,,äwí∑,,,,,,,,58014437,,,,f7061789-16d0-45a4-98fa-8198b54e5b08,e092f365-53f4-4747-a63f-723c3ac1d84f,ACTIVE,,2026/2/24 15:50,,,2026/2/24 10:13,2026/8/23 15:50,2026/2/24 15:50,,,2026/2/24 15:50,,
QR#6673a090-9583-4663-b347-4553f74f7dff,METADATA,,,,,,,QR#BANNED,2026/2/9 11:39,,,,,,,,,,,,88739498,,,,,,BANNED,,,2026/2/9 11:51,,2026/2/9 11:39,,,,,2026/2/9 11:51,,
QR#1655f1b1-1199-499e-b131-e028275ba174,METADATA,,,,,,,QR#UNASSIGNED,2026/2/24 15:15,,,,,,,,,,,,64694137,,,,,,UNASSIGNED,,,,,2026/2/24 15:15,,,,,2026/2/24 15:15,,
QR#429834c8-0773-49d3-88cc-a52ebb21692b,CHAT,,,,,,"{""a@a"":{""S"":""ja""}}",,,,,,,,"[{""M"":{""id"":{""S"":""3c8fface-1dfc-4a5b-91eb-100f32a4b114""},""message"":{""S"":""DeliveryCompleted""},""ts_created_at"":{""S"":""2026-02-09T04:03:56.884Z""},""username"":{""S"":""System""}}}]",,"[""a@a""]",,,,,,,,,,,,,,,,,,,,,,
QR#429834c8-0773-49d3-88cc-a52ebb21692b,METADATA,,,,,,,QR#COMPLETED,2026/2/9 12:34,SHOP#e092f365-53f4-4747-a63f-723c3ac1d84f,2026/2/9 12:53,,a,a,,,,,,,76647374,,,,e9c0a184-bb95-479e-8af6-5bc51d9c68e1,e092f365-53f4-4747-a63f-723c3ac1d84f,COMPLETED,,2026/2/9 12:53,,2026/2/9 13:03,2026/2/9 12:34,2026/2/10 12:53,2026/2/9 12:53,2026/2/9 13:03,2026/2/9 13:02,2026/2/9 13:03,,
QR#429834c8-0773-49d3-88cc-a52ebb21692b,ORDER,aaa,,a,,a@a,,,,,,,,,,a,,,,111111,,,,,,,,a,,,,,,,2026/2/9 13:03,2026/2/9 13:02,2026/2/9 13:03,,aa
QR#a5be9b8a-a507-470b-be75-5f48d15bfa12,ORDER,address,,,,email@com,,,,,,,,,,name,,,,tel,,,,,,,,,,,,,,,,2026/2/4 17:58,,,postal
QR#3a11168e-707f-4ea1-a2f0-c0c2b75a4bb9,CHAT,,,,,,"{""autelm@gmail.com"":{""S"":""ja""}}",,,,,,,,"[{""M"":{""id"":{""S"":""8e87570b-4b41-4f31-a268-6bcc466996c7""},""message"":{""S"":""Ç«Ç§Çº""},""ts_created_at"":{""S"":""2026-02-09T04:04:43.151Z""},""username"":{""S"":""Ç‰""}}},{""M"":{""id"":{""S"":""e8c7d2e0-6fef-4769-b70f-490db9ee84e5""},""message"":{""S"":""Ç†ÇËÇ™Ç∆Ç§ÅB""},""ts_created_at"":{""S"":""2026-02-09T04:05:13.551Z""},""username"":{""S"":""DX""}}},{""M"":{""id"":{""S"":""bb437d06-182d-4607-bd45-217282ccd4b6""},""message"":{""S"":""DeliveryCompleted""},""ts_created_at"":{""S"":""2026-02-09T04:06:47.004Z""},""username"":{""S"":""System""}}}]",,"[""autelm@gmail.com""]",,,,,,,,,,,,,,,,,,,,,,
QR#3a11168e-707f-4ea1-a2f0-c0c2b75a4bb9,METADATA,,,,,,,QR#COMPLETED,2026/2/9 12:34,SHOP#e092f365-53f4-4747-a63f-723c3ac1d84f,2026/2/9 12:54,,,ÇﬂÇ¡ÇπÅ[Ç∂Ç≈Ç∑ÇÊÅ@Ç®Ç¢ÇµÇ¢ÇÊÇ™Ç≠ÇøÇÂÇ§ÇπÇÒÇ◊Ç¢Å@äøéö,,,,,,,55176810,,,,e9c0a184-bb95-479e-8af6-5bc51d9c68e1,e092f365-53f4-4747-a63f-723c3ac1d84f,COMPLETED,,2026/2/9 12:54,,2026/2/9 13:06,2026/2/9 12:34,2026/2/10 12:54,2026/2/9 12:54,2026/2/9 13:06,2026/2/9 13:05,2026/2/9 13:06,,
QR#3a11168e-707f-4ea1-a2f0-c0c2b75a4bb9,ORDER,èHìcés,,â^ëóâÔé–,,autelm@gmail.com,,,,,,,,,,Ç‹Ç›ÇﬁÇﬂÇ‡,,,,00011112222,,,,,,,,Ç†Ç†Ç†Ç†Ç†Ç†Ç†Ç†Ç†Ç†Ç†,,,,,,,2026/2/9 13:06,2026/2/9 13:05,2026/2/9 13:06,,000-0000
QR#7a7e77ed-be86-4d1d-9d80-e186c219faed,CHAT,,,,,,,,,,,,,,"[{""M"":{""id"":{""S"":""fe91100c-02dc-4d11-abf8-7c7b761399e8""},""message"":{""S"":""ÉÅÉbÉZÅ[ÉW""},""ts_created_at"":{""S"":""2026-02-05T05:53:04.307Z""},""username"":{""S"":""ÉjÉbÉNÉlÅ[ÉÄ""}}}]",,,,,,,,,,,,,,,,,,,,,,,,
QR#7a7e77ed-be86-4d1d-9d80-e186c219faed,ORDER,èZèäÇæÇÊ1Å|ÇP,,â^ëóâÔé–,,saba38322201@gmail.com,,,,,,,,,,à…ì°óIëÂ,,,,00000000000000000,,,,,,,,í«ê’î‘çÜ,,,,,,,2026/2/5 15:16,2026/2/5 14:53,2026/2/5 15:16,,000-0000
QR#85076bbc-bea1-4c8e-8acc-a8d25684908e,METADATA,,,,,,,QR#BANNED,2026/2/9 11:51,,,,,,,,,,,,71854293,,,,,,BANNED,,,2026/2/9 12:23,,2026/2/9 11:51,,,,,2026/2/9 12:23,,
QR#14457512-f477-4ddd-b272-99efe22ee90b,CHAT,,,,,,"{""a"":{""S"":""ja""},""yudai.ito.9124@gmail.com"":{""S"":""ja""}}",,,,,,,,"[{""M"":{""id"":{""S"":""2264aef5-0b4a-47b2-b4ae-68555d9c5b72""},""message"":{""S"":""hello?""},""ts_created_at"":{""S"":""2026-02-06T17:50:44.991Z""},""username"":{""S"":""hello""}}},{""M"":{""id"":{""S"":""f026b27e-8c30-4232-a68c-96296a144f51""},""message"":{""S"":""aaaaaaaaaaaaaaa""},""ts_created_at"":{""S"":""2026-02-06T17:59:52.705Z""},""username"":{""S"":""a""}}},{""M"":{""id"":{""S"":""ee0159ad-28c6-4685-9e7f-ab50e3df3bb6""},""message"":{""S"":""nan""},""ts_created_at"":{""S"":""2026-02-06T18:01:32.384Z""},""username"":{""S"":""yu""}}},{""M"":{""id"":{""S"":""d4659b4d-b42d-40f2-80a4-0819d4d5076c""},""message"":{""S"":""DeliveryCompleted""},""ts_created_at"":{""S"":""2026-02-06T18:05:12.595Z""},""username"":{""S"":""System""}}}]",,"[""a"",""yudai.ito.9124@gmail.com""]",,,,,,,,,,,,,,,,,,,,,,
QR#14457512-f477-4ddd-b272-99efe22ee90b,ORDER,Ç†,,aaaaaa,,a@a,,,,,,,,,,Ç†,,,,a,,,,,,,,aaaaaaaaaaaaaaa,,,,,,,2026/2/7 3:03,2026/2/5 9:06,2026/2/7 3:03,,Ç†
SHOP#e092f365-53f4-4747-a63f-723c3ac1d84f,METADATA,,2026/1/27 8:54,,,,,,,USER#4744ea28-6021-703a-2246-449adfe51aaa,2026/1/27 8:54,,,,,ShopYudai,,4744ea28-6021-703a-2246-449adfe51aaa,,,,,,,,,,,,,,,,,,,,,
SHOP#e092f365-53f4-4747-a63f-723c3ac1d84f,PRODUCT#225f4a33-a46b-4043-bc24-f3b1d1e6d16c,,2026/2/2 0:19,,a,,,PRODUCT#STOPPED,2026/2/2 0:19,,,https://placehold.co/1280x720?text=No+Image,,,,aaa,,,,,,,,1,225f4a33-a46b-4043-bc24-f3b1d1e6d16c,,STOPPED,,,,,,,,,,,,
SHOP#e092f365-53f4-4747-a63f-723c3ac1d84f,PRODUCT#2d53a6e1-5ed6-4ae1-a937-032f15eae9a8,,2026/1/27 15:47,,a,,,PRODUCT#STOPPED,2026/1/27 15:47,,,https://infrastack-productimagebucketdce10e3f-qmgx3s9tvlno.s3.ap-northeast-1.amazonaws.com/shops/e092f365-53f4-4747-a63f-723c3ac1d84f/products/fe92e616-5abd-46d1-a2c5-29ff2d46ffe7.jpg,,,,waa,,,,,,,,1,2d53a6e1-5ed6-4ae1-a937-032f15eae9a8,,STOPPED,,,,,,,,,,,,
SHOP#e092f365-53f4-4747-a63f-723c3ac1d84f,PRODUCT#e9c0a184-bb95-479e-8af6-5bc51d9c68e1,,2026/1/27 14:59,,Ç®Ç¢ÇµÇ¢,,,PRODUCT#STOPPED,2026/1/27 14:59,,,https://infrastack-productimagebucketdce10e3f-qmgx3s9tvlno.s3.ap-northeast-1.amazonaws.com/shops/e092f365-53f4-4747-a63f-723c3ac1d84f/products/0080de8e-774f-451a-8c9b-0f1ec96ddf38.jpeg,,,,Ç™Ç≠ÇøÇÂÇ§ÇπÇÒÇ◊Ç¢,,,,,,,,1000000,e9c0a184-bb95-479e-8af6-5bc51d9c68e1,,STOPPED,,,,,,,,,,,,
SHOP#e092f365-53f4-4747-a63f-723c3ac1d84f,PRODUCT#f7061789-16d0-45a4-98fa-8198b54e5b08,,,,ïƒâŸè† ìCà¡ÅiÇƒÇ¢Ç†ÇÒÅjé©ñùÇÃÇ®ê˜ñ›Ç∆èHìcëÂäwìÏíJäwí∑Ç™ÉRÉâÉ{ÉåÅ[ÉVÉáÉìÅBèHìcåßéYÇ†Ç´ÇΩÇ±Ç‹ÇøàÍìôïƒÇÃê∂ínÇã≤Ç›éËèƒÇ´Ç…Çƒ êEêlÇ™àÍñáàÍñáíöîJÇ…èƒÇ´Ç†Ç∞ÇΩÇ®ê˜ñ›Ç≈Ç∑ÅBÅ@,,,PRODUCT#ACTIVE,,,,https://infrastack-productimagebucketdce10e3f-qmgx3s9tvlno.s3.ap-northeast-1.amazonaws.com/shop/e092f365-53f4-4747-a63f-723c3ac1d84f/products/40ab7380-22aa-4be6-8cdd-615c2ea7526b.jpeg,,,,Ç™Ç≠ÇøÇÂÇ§ÇπÇÒÇ◊Ç¢,,,,,,,,0,,,ACTIVE,,,,,2026/2/9 13:50,,,,,,180,
QR#150d8972-8ab5-4168-9bea-7428f7fecc61,METADATA,,,,,,,QR#UNASSIGNED,2026/2/25 9:45,,,,,,,,,,,,14844513,,,,,,UNASSIGNED,,,,,2026/2/25 9:45,,,,,2026/2/25 9:45,,
QR#f9138a12-3f21-442c-a934-4059d569bbe6,METADATA,,,,,,,QR#BANNED,2026/2/9 11:39,,,,,,,,,,,,69216804,,,,,,BANNED,,,2026/2/9 11:51,,2026/2/9 11:39,,,,,2026/2/9 11:51,,
QR#5b5e8de2-9b54-4dd7-9d99-215f5586bc73,CHAT,,,,,,,,,,,,,,"[{""M"":{""id"":{""S"":""449b984e-5b05-46e6-9152-2d6c797a24da""},""message"":{""S"":""aaaaaaaaaaaaaa""},""ts_created_at"":{""S"":""2026-02-06T16:20:49.244Z""},""username"":{""S"":""aaaaa""}}},{""M"":{""id"":{""S"":""38bf4686-4dee-46f7-bf8c-e05100c93a53""},""message"":{""S"":""aaaaaaaaaaaaa""},""ts_created_at"":{""S"":""2026-02-06T16:20:56.684Z""},""username"":{""S"":""aaaaa""}}},{""M"":{""id"":{""S"":""2c7dfc11-1132-4930-b830-a1e0136f562e""},""message"":{""S"":""a""},""ts_created_at"":{""S"":""2026-02-06T16:20:58.584Z""},""username"":{""S"":""aaaaa""}}},{""M"":{""id"":{""S"":""ba3eee55-0eee-49fc-9b14-053f4325a73f""},""message"":{""S"":""wwwwwww""},""ts_created_at"":{""S"":""2026-02-06T16:21:02.143Z""},""username"":{""S"":""aaaaa""}}}]",,,,,,,,,,,,,,,,,,,,,,,,
QR#5b5e8de2-9b54-4dd7-9d99-215f5586bc73,ORDER,a,,â^ëóâÔé–,,,,,,,,,,,,a,,,,,,,,,,,,00000,,,,,,,2026/2/7 1:19,2026/2/5 13:28,2026/2/7 1:19,,a
QR#39c43abb-01c3-4cb9-9158-bf02c36ab347,METADATA,,,,,,,QR#UNASSIGNED,2026/2/25 9:45,,,,,,,,,,,,61945315,,,,,,UNASSIGNED,,,,,2026/2/25 9:45,,,,,2026/2/25 9:45,,
QR#cdce5e31-86a6-479d-a19e-bf1d58331c05,CHAT,,,,,,"{""yudai.ito.9124@gmail.com"":{""S"":""ja""}}",,,,,,,,,,"[""yudai.ito.9124@gmail.com""]",,,,,,,,,,,,,,,,,,,,,,
QR#cdce5e31-86a6-479d-a19e-bf1d58331c05,METADATA,,,,,,,QR#USED,2026/2/10 12:23,SHOP#e092f365-53f4-4747-a63f-723c3ac1d84f,2026/2/16 16:49,,test,test,,,,,$2b$10$KNKrqCNVljWFz/L4fpvYIerh5/N9Mt0DTG0puNBCU7aMglF3spXmu,,71831389,,,,f7061789-16d0-45a4-98fa-8198b54e5b08,e092f365-53f4-4747-a63f-723c3ac1d84f,USED,,2026/2/16 16:49,,,2026/2/10 12:23,2026/8/15 16:49,2026/2/16 16:49,,2026/2/16 16:50,2026/2/16 16:50,,
QR#cdce5e31-86a6-479d-a19e-bf1d58331c05,ORDER,a,,,,yudai.ito.9124@gmail.com,,,,,,,,,,name,,,,,,,,,,,,,,,,,,,,2026/2/16 16:50,2026/2/16 16:50,,a
QR#10f7c688-1d14-4794-937d-2c16aa6e15b2,METADATA,,,,,,,QR#BANNED,2026/2/9 11:51,,,,,,,,,,,,50973751,,,,,,BANNED,,,2026/2/9 12:23,,2026/2/9 11:51,,,,,2026/2/9 12:23,,
QR#b2e0b535-e765-42b5-9208-2a3f28da9e89,METADATA,,,,,,,QR#ACTIVE,2026/2/24 10:13,SHOP#e092f365-53f4-4747-a63f-723c3ac1d84f,2026/2/24 15:50,,äwí∑,,,,,,,,17254509,,,,f7061789-16d0-45a4-98fa-8198b54e5b08,e092f365-53f4-4747-a63f-723c3ac1d84f,ACTIVE,,2026/2/24 15:50,,,2026/2/24 10:13,2026/8/23 15:50,2026/2/24 15:50,,,2026/2/24 15:50,,
QR#9ba010a5-8ddc-44db-966a-74e8fea65956,METADATA,,,,,,,QR#UNASSIGNED,2026/2/25 18:03,,,,,,,,,,,,23920201,,,,,,UNASSIGNED,,,,,2026/2/25 18:03,,,,,2026/2/25 18:03,,
QR#3ba3994e-450d-4021-a279-0228acf001a4,METADATA,,,,,,,QR#COMPLETED,2026/2/25 18:27,SHOP#b4c63849-b497-472f-9f33-67e915158201,2026/2/25 18:27,,,,,,,,,,67266828,,,,52d65cb1-a885-4b9d-a8d5-8a2914a91d57,b4c63849-b497-472f-9f33-67e915158201,COMPLETED,,2026/2/25 18:27,,2026/2/25 18:29,2026/2/25 18:27,2026/8/24 18:27,2026/2/25 18:27,2026/2/25 18:29,2026/2/25 18:28,2026/2/25 18:29,,
QR#3ba3994e-450d-4021-a279-0228acf001a4,ORDER,eeeeeeeeeeeeeeeeee,,aaa,,,,,,,,,,,,eeeeeee,,,,eeeeeeeeeeeeeeeeeeeeeeeeee,,2026/2/26,,,,,,123,,,,,,,2026/2/25 18:29,2026/2/25 18:28,2026/2/25 18:29,,eeeeeeeeeeee
QR#ee3e1258-f3c4-4c88-8ea8-4569a5df6b35,METADATA,,,,,,,QR#EXPIRED,2026/2/9 12:34,SHOP#e092f365-53f4-4747-a63f-723c3ac1d84f,2026/2/9 12:55,,,,,,,,,,83208445,,,,e9c0a184-bb95-479e-8af6-5bc51d9c68e1,e092f365-53f4-4747-a63f-723c3ac1d84f,EXPIRED,,2026/2/9 12:55,,,2026/2/9 12:34,2026/2/10 12:55,2026/2/9 12:55,,,2026/2/10 17:37,,
QR#ac8dee7f-d461-4174-ae25-ed40f2834291,METADATA,,,,,,,QR#UNASSIGNED,2026/2/24 15:15,,,,,,,,,,,,71033969,,,,,,UNASSIGNED,,,,,2026/2/24 15:15,,,,,2026/2/24 15:15,,
QR#3d4e4bfa-73fb-4d35-9eaf-7277dff12e6d,METADATA,,,,,,,QR#BANNED,2026/2/9 11:39,,,,,,,,,,,,98939625,,,,,,BANNED,,,2026/2/9 11:51,,2026/2/9 11:39,,,,,2026/2/9 11:51,,
QR#e2d18f60-f029-40fb-8a2c-f043dac77775,METADATA,,,,,,,QR#BANNED,2026/2/10 9:50,,,,,,,,,,,,87388955,,,,,,BANNED,,,2026/2/24 10:14,,2026/2/10 9:50,,,,,2026/2/24 10:14,,
QR#7a70df55-9c9f-47c7-b043-03c194ec2170,METADATA,,,,,,,QR#UNASSIGNED,2026/2/24 15:15,,,,,,,,,,,,25219753,,,,,,UNASSIGNED,,,,,2026/2/24 15:15,,,,,2026/2/24 15:15,,
QR#22b13aef-282a-4511-b0e0-631dcf96a513,METADATA,,,,,,,QR#UNASSIGNED,2026/2/25 18:03,,,,,,,,,,,,98504462,,,,,,UNASSIGNED,,,,,2026/2/25 18:03,,,,,2026/2/25 18:03,,
QR#b86cc9db-30a6-48a4-a445-e8571fe47458,METADATA,,,,,,,QR#BANNED,2026/2/9 11:39,,,,,,,,,,,,94843321,,,,,,BANNED,,,2026/2/9 11:51,,2026/2/9 11:39,,,,,2026/2/9 11:51,,
QR#790eb611-4bfe-4f8d-8dae-32d1b1e36486,CHAT,,,,,,"{""a@a.com"":{""S"":""ja""}}",,,,,,,,"[{""M"":{""id"":{""S"":""b6ccf4e7-a11e-4a75-81b3-3d7453e9aa86""},""message"":{""S"":""DeliveryCompleted""},""ts_created_at"":{""S"":""2026-02-09T02:35:53.155Z""},""username"":{""S"":""System""}}}]",,"[""a@a.com""]",,,,,,,,,,,,,,,,,,,,,,
QR#790eb611-4bfe-4f8d-8dae-32d1b1e36486,ORDER,Ç†,,ÅZÅZâ^óA,,a@a.com,,,,,,,,,,Ç†,,,,2,,,,,,,,1234-5678,,,,,,,2026/2/9 11:35,2026/2/9 11:33,2026/2/9 11:35,,Ç†
QR#8c100b61-ed5e-4706-9f2a-bbcd2ddf8c18,METADATA,,,,,,,QR#UNASSIGNED,2026/2/24 15:15,,,,,,,,,,,,84972129,,,,,,UNASSIGNED,,,,,2026/2/24 15:15,,,,,2026/2/24 15:15,,
QR#9ffecf0e-ac2d-4770-b5e6-ac2b47c7b041,CHAT,,,,,,"{""saba38322201@gmail.com"":{""S"":""ja""},""yudai.ito.9124@gmail.com"":{""S"":""ja""}}",,,,,,,,"[{""M"":{""id"":{""S"":""7cae4796-1a4a-4f81-869c-882a8313089b""},""message"":{""S"":""testdesuyo""},""ts_created_at"":{""S"":""2026-02-07T04:39:15.946Z""},""username"":{""S"":""yudai""}}}]",,"[""saba38322201@gmail.com"",""yudai.ito.9124@gmail.com""]",,,,,,,,,,,,,,,,,,,,,,
QR#9ffecf0e-ac2d-4770-b5e6-ac2b47c7b041,ORDER,a,,,,yudai.ito.9124@gmail.com,,,,,,,,,,a,,,,,,,,,,,,,,,,,,,,2026/2/7 13:32,2026/2/7 13:32,,a
QR#73bfd571-8600-4f02-9c1f-0b933885a1a5,CHAT,,,,,,"{""yudai.ito.9124@gmail.com"":{""S"":""ja""}}",,,,,,,,,,"[""yudai.ito.9124@gmail.com""]",,,,,,,,,,,,,,,,,,,,,,
QR#73bfd571-8600-4f02-9c1f-0b933885a1a5,ORDER,éËå`äwâÄí¨1-1,,,,yudai.ito.9124@gmail.com,,,,,,,,,,à…ì°óIëÂ,,,,09033669124,,,,,,,,,,,,,,,,2026/2/9 10:22,2026/2/9 10:22,,0108502
QR#ca0898a0-cd23-43e2-b275-509e6ee305bb,METADATA,,,,,,,QR#EXPIRED,2026/2/9 12:34,SHOP#e092f365-53f4-4747-a63f-723c3ac1d84f,2026/2/9 12:53,,,,,,,,,,93973769,,,,e9c0a184-bb95-479e-8af6-5bc51d9c68e1,e092f365-53f4-4747-a63f-723c3ac1d84f,EXPIRED,,2026/2/9 12:53,,,2026/2/9 12:34,2026/2/10 12:53,2026/2/9 12:53,,,2026/2/10 17:37,,
QR#42c0457c-5275-486c-bbf2-b93b02a7069d,METADATA,,,,,,,QR#UNASSIGNED,2026/2/24 15:15,,,,,,,,,,,,92154231,,,,,,UNASSIGNED,,,,,2026/2/24 15:15,,,,,2026/2/24 15:15,,
QR#1920b11b-10cb-4a0e-a8d7-c23b6d212e23,METADATA,,,,,,,QR#BANNED,2026/2/10 9:50,,,,,,,,,,,,93808270,,,,,,BANNED,,,2026/2/24 10:14,,2026/2/10 9:50,,,,,2026/2/24 10:14,,
QR#d3719994-f49f-460c-b973-707e87ac3025,METADATA,,,,,,,QR#BANNED,2026/2/9 11:51,,,,,,,,,,,,77727933,,,,,,BANNED,,,2026/2/9 12:23,,2026/2/9 11:51,,,,,2026/2/9 12:23,,
QR#4a8bfa8c-f75e-4495-a17e-ef1ed259652e,METADATA,,,,,,,QR#EXPIRED,2026/2/9 12:34,SHOP#e092f365-53f4-4747-a63f-723c3ac1d84f,2026/2/9 12:55,,,,,,,,,,25585447,,,,e9c0a184-bb95-479e-8af6-5bc51d9c68e1,e092f365-53f4-4747-a63f-723c3ac1d84f,EXPIRED,,2026/2/9 12:55,,,2026/2/9 12:34,2026/2/10 12:55,2026/2/9 12:55,,,2026/2/10 17:37,,
SHOP#b4c63849-b497-472f-9f33-67e915158201,METADATA,,2026/1/27 14:42,,,,,,,USER#4744ea28-6021-703a-2246-449adfe51aaa,2026/1/27 14:42,,,,,TestShp2,,4744ea28-6021-703a-2246-449adfe51aaa,,,,,,,,,,,,,,,,,,,,,
SHOP#b4c63849-b497-472f-9f33-67e915158201,PRODUCT#52d65cb1-a885-4b9d-a8d5-8a2914a91d57,,,,ê‡ñæÉeÉXÉg\naaaa\n3çsñ⁄\nï\é¶Ç≥ÇÍÇƒÇÈÅH,,,PRODUCT#ACTIVE,,,,https://infrastack-productimagebucketdce10e3f-qmgx3s9tvlno.s3.ap-northeast-1.amazonaws.com/shop/b4c63849-b497-472f-9f33-67e915158201/products/4f4fcedd-e39d-49cb-ac4e-639e8b2a8184.png,,,,ÉeÉXÉgè§ïi,,,,,,,,0,,,ACTIVE,,,,,2026/2/25 12:35,,,,,,180,
QR#d993655e-5847-4177-af26-b064dbcc07a9,METADATA,,,,,,,QR#BANNED,2026/2/9 11:51,,,,,,,,,,,,50589483,,,,,,BANNED,,,2026/2/9 12:23,,2026/2/9 11:51,,,,,2026/2/9 12:23,,
QR#db93049a-7bd7-445e-b2b5-e2751fe6d33f,METADATA,,,,,,,QR#BANNED,2026/2/10 9:50,,,,,,,,,,,,61432516,,,,,,BANNED,,,2026/2/24 10:14,,2026/2/10 9:50,,,,,2026/2/24 10:14,,
QR#30d1ddff-2ff0-4713-911f-287a10c57a74,CHAT,,,,,,"{""saba38322201@gmail.com"":{""S"":""ja""}}",,,,,,,,,,"[""saba38322201@gmail.com""]",,,,,,,,,,,,,,,,,,,,,,
QR#30d1ddff-2ff0-4713-911f-287a10c57a74,ORDER,juusho,,,,saba38322201@gmail.com,,,,,,,,,,namae,,,,,,,,,,,,,,,,,,,,2026/2/7 13:24,2026/2/7 13:24,,bango
QR#513034b4-6e7b-4ef0-9d05-ee1ae3235c3a,METADATA,,,,,,,QR#ACTIVE,2026/2/9 14:00,SHOP#e092f365-53f4-4747-a63f-723c3ac1d84f,2026/2/10 9:57,,,,,,,,,,48686376,,,,f7061789-16d0-45a4-98fa-8198b54e5b08,e092f365-53f4-4747-a63f-723c3ac1d84f,ACTIVE,,2026/2/10 9:57,,,2026/2/9 14:00,2026/8/9 9:57,2026/2/10 9:57,,,2026/2/10 9:57,,
QR#b8b669fa-357d-48fe-a7e5-8b181d8f8531,METADATA,,,,,,,QR#UNASSIGNED,2026/2/24 15:15,,,,,,,,,,,,10003453,,,,,,UNASSIGNED,,,,,2026/2/24 15:15,,,,,2026/2/24 15:15,,
QR#63400ee9-c1c7-4dca-b262-d8c0cee5011c,METADATA,,,,,,,QR#UNASSIGNED,2026/2/24 10:13,,,,,,,,,,,,84510490,,,,,,UNASSIGNED,,,,,2026/2/24 10:13,,,,,2026/2/24 10:13,,
QR#59064bf9-f900-489f-bbe8-2af0bff18a83,METADATA,,,,,,,QR#USED,2026/2/24 13:37,SHOP#e092f365-53f4-4747-a63f-723c3ac1d84f,2026/2/24 13:38,,test,,,,,,,,95582225,,,,f7061789-16d0-45a4-98fa-8198b54e5b08,e092f365-53f4-4747-a63f-723c3ac1d84f,USED,,2026/2/24 13:38,,,2026/2/24 13:37,2026/8/23 13:38,2026/2/24 13:38,,2026/2/24 13:39,2026/2/24 13:39,,
QR#59064bf9-f900-489f-bbe8-2af0bff18a83,ORDER,a,,,,,,,,,,,,,,a,,,,1,,,,,,,,,,,,,,,,2026/2/24 13:39,2026/2/24 13:39,,a
QR#f9c07729-5d60-4ad3-ada9-3f8e905d0b4c,METADATA,,,,,,,QR#UNASSIGNED,2026/2/25 18:03,,,,,,,,,,,,34834485,,,,,,UNASSIGNED,,,,,2026/2/25 18:03,,,,,2026/2/25 18:03,,
QR#0f86a1d8-0457-41fa-a17a-fe831767f049,METADATA,,,,,,,QR#BANNED,2026/2/10 9:50,,,,,,,,,,,,79597575,,,,,,BANNED,,,2026/2/24 10:14,,2026/2/10 9:50,,,,,2026/2/24 10:14,,
QR#159316b7-e188-4b85-8a97-85b4617a8006,METADATA,,,,,,,QR#BANNED,2026/2/10 9:50,,,,,,,,,,,,39848173,,,,,,BANNED,,,2026/2/24 10:14,,2026/2/10 9:50,,,,,2026/2/24 10:14,,
QR#e6f63252-32b5-4d29-99d9-5bac2ab4b441,METADATA,,,,,,,QR#ACTIVE,2026/2/9 14:00,SHOP#e092f365-53f4-4747-a63f-723c3ac1d84f,2026/2/20 11:10,,â™˙±êÊê∂,,,,,,,,20126129,,,,f7061789-16d0-45a4-98fa-8198b54e5b08,e092f365-53f4-4747-a63f-723c3ac1d84f,ACTIVE,,2026/2/20 11:10,,,2026/2/9 14:00,2026/8/19 11:10,2026/2/20 11:10,,,2026/2/20 11:10,,
QR#d85513ae-7f70-4a1e-9a14-726c4244ed72,METADATA,,,,,,,QR#UNASSIGNED,2026/2/24 10:13,,,,,,,,,,,,73746166,,,,,,UNASSIGNED,,,,,2026/2/24 10:13,,,,,2026/2/24 10:13,,
QR#d13a50af-9242-40bd-9da6-a7acc21bf59f,CHAT,,,,,,"{""yudai.ito.9124@gmail.com"":{""S"":""ja""}}",,,,,,,,"[{""M"":{""id"":{""S"":""11d35f09-b24b-4d0e-b581-ff2ec6b387ba""},""message"":{""S"":""doudesuka?""},""ts_created_at"":{""S"":""2026-02-07T03:10:13.244Z""},""username"":{""S"":""koncha""}}},{""M"":{""id"":{""S"":""75c0a95b-94a3-4b32-8a03-cce4c1221a05""},""message"":{""S"":""hiÇ≈Ç∑ÇÊ""},""ts_created_at"":{""S"":""2026-02-07T03:11:08.482Z""},""username"":{""S"":""koncha""}}},{""M"":{""id"":{""S"":""51df6733-e538-4deb-b137-1c56d835c927""},""message"":{""S"":""waaaaaaaaaaaaaaaan""},""ts_created_at"":{""S"":""2026-02-07T03:25:59.777Z""},""username"":{""S"":""aaa""}}},{""M"":{""id"":{""S"":""9bf68f11-5f00-4944-a1ae-63c2eee02d4d""},""message"":{""S"":""Ç«Ç§ÇµÇΩÇÒÇ∑Ç©ÅH""},""ts_created_at"":{""S"":""2026-02-07T03:29:22.817Z""},""username"":{""S"":""Ç»Ç‹Ç¶""}}},{""M"":{""id"":{""S"":""495c8d10-15b3-40b2-8540-c9b71e114b07""},""message"":{""S"":""DeliveryCompleted""},""ts_created_at"":{""S"":""2026-02-07T03:46:11.391Z""},""username"":{""S"":""System""}}}]",,"[""yudai.ito.9124@gmail.com""]",,,,,,,,,,,,,,,,,,,,,,
QR#d13a50af-9242-40bd-9da6-a7acc21bf59f,ORDER,1,,unyu,,yudai.ito.9124@gmail.com,,,,,,,,,,1,,,,,,,,,,,,bangou,,,,,,,2026/2/7 12:33,2026/2/7 12:31,2026/2/7 12:33,,1
QR#28ec1e4f-eca2-4984-86e6-76bde6f6ff6b,METADATA,,,,,,,QR#UNASSIGNED,2026/2/25 18:03,,,,,,,,,,,,49492110,,,,,,UNASSIGNED,,,,,2026/2/25 18:03,,,,,2026/2/25 18:03,,
QR#b5512d29-f074-4885-a272-835febdfbcc4,CHAT,,,,,,"{""saba38322201@gmail.com"":{""S"":""ja""}}",,,,,,,,"[{""M"":{""id"":{""S"":""4d5fb378-fa1d-46e1-ba1a-92d4f8665fdf""},""message"":{""S"":""DeliveryCompleted""},""ts_created_at"":{""S"":""2026-02-25T00:50:18.280Z""},""username"":{""S"":""System""}}}]",,"[""saba38322201@gmail.com""]",,,,,,,,,,,,,,,,,,,,,,
QR#b5512d29-f074-4885-a272-835febdfbcc4,METADATA,,,,,,,QR#COMPLETED,2026/2/25 9:45,SHOP#e092f365-53f4-4747-a63f-723c3ac1d84f,2026/2/25 9:46,,,,,,,,$2b$10$ARSByfMdulHSxo.UeW/Ixu5KBqXWT/0JT0l7vakGtEdcuDO6ZSIOq,,60687771,,,,f7061789-16d0-45a4-98fa-8198b54e5b08,e092f365-53f4-4747-a63f-723c3ac1d84f,COMPLETED,,2026/2/25 9:46,,2026/2/25 9:50,2026/2/25 9:45,2026/8/24 9:46,2026/2/25 9:46,2026/2/25 9:49,2026/2/25 9:48,2026/2/25 9:50,,
QR#b5512d29-f074-4885-a272-835febdfbcc4,ORDER,èZèä,,Ç‚Ç‹Ç∆,,saba38322201@gmail.com,,,,,,,,,,ñºëO,,,,ÇOÇOÇOÅ|ÇOÇOÇOÇOÅ|ÇOÇOÇOÇO,,,,,,,,1111111111111111111,,,,,,,2026/2/25 9:49,2026/2/25 9:48,2026/2/25 9:49,,000000
QR#0224bd4f-041c-4a6c-b7e7-5b2d77e66212,METADATA,,,,,,,QR#UNASSIGNED,2026/2/25 9:45,,,,,,,,,,,,45137977,,,,,,UNASSIGNED,,,,,2026/2/25 9:45,,,,,2026/2/25 9:45,,
QR#22623a1f-bca6-4d36-9fc9-53e76de67765,METADATA,,,,,,,QR#UNASSIGNED,2026/2/24 10:13,,,,,,,,,,,,16316353,,,,,,UNASSIGNED,,,,,2026/2/24 10:13,,,,,2026/2/24 10:13,,
QR#0c3da1ae-9871-4426-8011-29e070374a33,METADATA,,,,,,,QR#SHIPPED,2026/2/25 9:45,SHOP#b4c63849-b497-472f-9f33-67e915158201,2026/2/25 16:48,,,,,,,,,,35686133,,,,52d65cb1-a885-4b9d-a8d5-8a2914a91d57,b4c63849-b497-472f-9f33-67e915158201,SHIPPED,,2026/2/25 16:48,,,2026/2/25 9:45,2026/8/24 16:48,2026/2/25 16:48,2026/2/25 16:50,2026/2/25 16:49,2026/2/25 16:49,,
QR#0c3da1ae-9871-4426-8011-29e070374a33,ORDER,1,,1,,,,,,,,,,,,1,,,,,,,,,,,,1,,,,,,,2026/2/25 16:50,2026/2/25 16:49,2026/2/25 16:50,,1
QR#058da7fb-6d16-4207-b78c-fbaa9256370e,METADATA,,,,,,,QR#EXPIRED,2026/2/9 12:34,SHOP#e092f365-53f4-4747-a63f-723c3ac1d84f,2026/2/9 12:54,,,,,,,,,,58309721,,,,e9c0a184-bb95-479e-8af6-5bc51d9c68e1,e092f365-53f4-4747-a63f-723c3ac1d84f,EXPIRED,,2026/2/9 12:54,,,2026/2/9 12:34,2026/2/10 12:54,2026/2/9 12:54,,,2026/2/10 17:37,,
QR#07574a94-1146-4d2f-918b-00c1bfb33ec1,METADATA,,,,,,,QR#UNASSIGNED,2026/2/9 14:00,,,,,,,,,,,,75490672,,,,,,UNASSIGNED,,,,,2026/2/9 14:00,,,,,2026/2/9 14:00,,
QR#ff4324d3-bd89-4847-994c-59706f883e19,METADATA,,,,,,,QR#UNASSIGNED,2026/2/25 9:45,,,,,,,,,,,,77069386,,,,,,UNASSIGNED,,,,,2026/2/25 9:45,,,,,2026/2/25 9:45,,
QR#b1adb7ef-e89d-45f2-b903-c370b319a942,CHAT,,,,,,"{""saba38322201@gmail.com"":{""S"":""ja""},""yudai.ito.9124@gmail.com"":{""S"":""ja""}}",,,,,,,,"[{""M"":{""id"":{""S"":""aa9072d8-65e5-4dea-b58f-dc53268e03bb""},""message"":{""S"":""waaaaaaaaa""},""ts_created_at"":{""S"":""2026-02-16T01:35:55.254Z""},""username"":{""S"":""aaa""}}}]",,"[""saba38322201@gmail.com"",""yudai.ito.9124@gmail.com""]",,,,,,,,,,,,,,,,,,,,,,
QR#b1adb7ef-e89d-45f2-b903-c370b319a942,METADATA,,,,,,,QR#USED,2026/2/9 13:50,SHOP#e092f365-53f4-4747-a63f-723c3ac1d84f,2026/2/9 13:51,,,,,,,,$2b$10$9WxLzYBrKtnSfxHMkK5wbu7DUrCloD99MHyN1Mk9Ra4xxxrz3Uaqi,,28157371,,,,f7061789-16d0-45a4-98fa-8198b54e5b08,e092f365-53f4-4747-a63f-723c3ac1d84f,USED,,2026/2/9 13:51,,,2026/2/9 13:50,2026/8/8 13:51,2026/2/9 13:51,,2026/2/16 10:39,2026/2/16 10:39,,
QR#b1adb7ef-e89d-45f2-b903-c370b319a942,ORDER,îzëóêÊèZèä,,,,saba38322201@gmail.com,,,,,,,,,,ñºëO,,,,000-0000-0000,,,,,,,,,,,,,,,,2026/2/16 10:39,2026/2/16 10:39,,000-0000
QR#6c3f620a-183b-4363-a5db-fa837de48d3b,ORDER,a,,,,a@a.com,,,,,,,,,,Ç†,,,,a,,,,,,,,,,,,,,,,2026/2/9 10:21,2026/2/9 10:21,,a
QR#69c704fa-2685-4b92-ac97-47341e03d3b1,METADATA,,,,,,,QR#BANNED,2026/2/9 11:39,,,,,,,,,,,,71296347,,,,,,BANNED,,,2026/2/9 11:51,,2026/2/9 11:39,,,,,2026/2/9 11:51,,
QR#a9c1ddf9-63e0-404b-b64a-ee9731e30ceb,ORDER,a,,,,a@a,,,,,,,,,,a,,,,a,,,,,,,,,,,,,,,,2026/2/4 18:06,,,a
QR#70098b22-49a4-46e8-84b4-602ebacfcb8d,CHAT,,,,,,"{""yudai.ito.9124@gmail.com"":{""S"":""ja""}}",,,,,,,,,,"[""yudai.ito.9124@gmail.com""]",,,,,,,,,,,,,,,,,,,,,,
QR#70098b22-49a4-46e8-84b4-602ebacfcb8d,ORDER,a,,,,yudai.ito.9124@gmail.com,,,,,,,,,,a,,,,a,,,,,,,,,,,,,,,,2026/2/9 11:29,2026/2/9 11:29,,a
QR#711f669a-d337-4f13-ae4f-79f627302810,METADATA,,,,,,,QR#ACTIVE,2026/2/24 10:13,SHOP#e092f365-53f4-4747-a63f-723c3ac1d84f,2026/2/24 15:50,,äwí∑,,,,,,,,59024950,,,,f7061789-16d0-45a4-98fa-8198b54e5b08,e092f365-53f4-4747-a63f-723c3ac1d84f,ACTIVE,,2026/2/24 15:50,,,2026/2/24 10:13,2026/8/23 15:50,2026/2/24 15:50,,,2026/2/24 15:50,,
QR#d4a38cca-93f0-477c-9f5c-aa5b3ee7e013,CHAT,,,,,,"{""yudai.ito.9124@gmail.com"":{""S"":""ja""}}",,,,,,,,,,"[""yudai.ito.9124@gmail.com""]",,,,,,,,,,,,,,,,,,,,,,
QR#d4a38cca-93f0-477c-9f5c-aa5b3ee7e013,METADATA,,,,,,,QR#USED,2026/2/10 12:28,SHOP#e092f365-53f4-4747-a63f-723c3ac1d84f,2026/2/16 11:36,,,,,,,,$2b$10$07EiSAOfvfM1JdMHMdjAv.lQdEzsXc1q8AWSu8EZkaShqjbCqERTO,,37792976,,,,f7061789-16d0-45a4-98fa-8198b54e5b08,e092f365-53f4-4747-a63f-723c3ac1d84f,USED,,2026/2/16 11:36,,,2026/2/10 12:28,2026/8/15 11:36,2026/2/16 11:36,,2026/2/16 11:39,2026/2/16 11:39,,
QR#d4a38cca-93f0-477c-9f5c-aa5b3ee7e013,ORDER,a,,,,yudai.ito.9124@gmail.com,,,,,,,,,,a,,,,,,,,,,,,,,,,,,,,2026/2/16 11:39,2026/2/16 11:39,,1
QR#53dafb81-d92d-402b-9f1e-d0d1b485eabf,METADATA,,,,,,,QR#UNASSIGNED,2026/2/24 15:15,,,,,,,,,,,,17648297,,,,,,UNASSIGNED,,,,,2026/2/24 15:15,,,,,2026/2/24 15:15,,
QR#88a42307-0976-4bb7-8167-2c2df324c028,CHAT,,,,,,"{""saba38322201@gmail.com"":{""S"":""ja""}}",,,,,,,,,,"[""saba38322201@gmail.com""]",,,,,,,,,,,,,,,,,,,,,,
QR#88a42307-0976-4bb7-8167-2c2df324c028,METADATA,,,,,,,QR#USED,2026/2/24 13:24,SHOP#e092f365-53f4-4747-a63f-723c3ac1d84f,2026/2/24 13:25,,,,,,,,,,47221300,,,,f7061789-16d0-45a4-98fa-8198b54e5b08,e092f365-53f4-4747-a63f-723c3ac1d84f,USED,,2026/2/24 13:25,,,2026/2/24 13:24,2026/8/23 13:25,2026/2/24 13:25,,2026/2/24 13:27,2026/2/24 13:27,,
QR#88a42307-0976-4bb7-8167-2c2df324c028,ORDER,j,,,,saba38322201@gmail.com,,,,,,,,,,a,,,,,,,,,,,,,,,,,,,,2026/2/24 13:27,2026/2/24 13:27,,1
QR#faa63fa4-0d50-4bb8-8423-6299d3df1144,METADATA,,,,,,,QR#UNASSIGNED,2026/2/25 18:03,,,,,,,,,,,,60949283,,,,,,UNASSIGNED,,,,,2026/2/25 18:03,,,,,2026/2/25 18:03,,
QR#c1182ee5-42f3-40f6-84ab-ad9524ad9b43,METADATA,,,,,,,QR#ACTIVE,2026/2/9 14:00,SHOP#e092f365-53f4-4747-a63f-723c3ac1d84f,2026/2/10 9:33,,,,,,,,,,31880866,,,,f7061789-16d0-45a4-98fa-8198b54e5b08,e092f365-53f4-4747-a63f-723c3ac1d84f,ACTIVE,,2026/2/10 9:33,,,2026/2/9 14:00,2026/8/9 9:33,2026/2/10 9:33,,,2026/2/10 9:33,,
QR#f7a7d7a0-6e9e-4a7a-bdc3-727b014a3906,METADATA,,,,,,,QR#BANNED,2026/2/9 11:51,,,,,,,,,,,,94129919,,,,,,BANNED,,,2026/2/9 12:23,,2026/2/9 11:51,,,,,2026/2/9 12:23,,
QR#aa16aa49-4e90-4208-9d52-0973999c0171,METADATA,,,,,,,QR#ACTIVE,2026/2/9 14:00,SHOP#e092f365-53f4-4747-a63f-723c3ac1d84f,2026/2/20 11:11,,â™˙±êÊê∂,,,,,,,,24975365,,,,f7061789-16d0-45a4-98fa-8198b54e5b08,e092f365-53f4-4747-a63f-723c3ac1d84f,ACTIVE,,2026/2/20 11:11,,,2026/2/9 14:00,2026/8/19 11:11,2026/2/20 11:11,,,2026/2/20 11:11,,
QR#9b41e578-6215-4375-8a17-9bfac6492d5b,METADATA,,,,,,,QR#BANNED,2026/2/10 9:50,,,,,,,,,,,,68506776,,,,,,BANNED,,,2026/2/24 10:14,,2026/2/10 9:50,,,,,2026/2/24 10:14,,
QR#b3844a25-2355-4940-86b6-f9c9f3ee6403,METADATA,,,,,,,QR#BANNED,2026/2/9 11:51,,,,,,,,,,,,61336754,,,,,,BANNED,,,2026/2/9 12:23,,2026/2/9 11:51,,,,,2026/2/9 12:23,,
QR#fff3375b-14b2-42c1-9e4d-3306e0088497,CHAT,,,,,,"{""yudai.ito.9124@gmail.com"":{""S"":""ja""}}",,,,,,,,"[{""M"":{""id"":{""S"":""23f0dc21-3cab-40fe-be02-49c4845fc389""},""message"":{""S"":""message!""},""ts_created_at"":{""S"":""2026-02-05T08:06:36.455Z""},""username"":{""S"":""waaa""}}},{""M"":{""id"":{""S"":""ef183efa-ecf1-4b1f-982b-297b470c9b68""},""message"":{""S"":""mailÇ™ìÕÇ´Ç‹ÇπÇÒÅI""},""ts_created_at"":{""S"":""2026-02-05T08:09:25.114Z""},""username"":{""S"":""waaa""}}},{""M"":{""id"":{""S"":""db88ea09-b032-42c9-91fc-879bb0b9f2ab""},""message"":{""S"":""ÇÌÇ†Ç†Ç†Ç†Ç≥ÇÒÇæÇÊ""},""ts_created_at"":{""S"":""2026-02-05T08:10:59.435Z""},""username"":{""S"":""ÇÌÇ†Ç†""}}},{""M"":{""id"":{""S"":""bb8313b0-2463-41d8-80df-33d345f10f22""},""message"":{""S"":""waaaaa""},""ts_created_at"":{""S"":""2026-02-07T02:31:03.760Z""},""username"":{""S"":""aa""}}},{""M"":{""id"":{""S"":""4e591ba6-d4fb-4dc9-ab61-9ee5663a0257""},""message"":{""S"":""aaaaaaaaaaaaaaaaaaa""},""ts_created_at"":{""S"":""2026-02-07T02:32:10.378Z""},""username"":{""S"":""aaaa""}}},{""M"":{""id"":{""S"":""deb8342c-a190-437a-a4be-6172eae4f92c""},""message"":{""S"":""wawa""},""ts_created_at"":{""S"":""2026-02-07T02:32:27.659Z""},""username"":{""S"":""wa""}}},{""M"":{""id"":{""S"":""01866341-7c85-4849-921a-c129c9217946""},""message"":{""S"":""aaaaaaaaaaaaaaaaaaaa""},""ts_created_at"":{""S"":""2026-02-07T02:33:36.379Z""},""username"":{""S"":""wa""}}},{""M"":{""id"":{""S"":""6f187d8f-9f64-41bf-95da-d79ba1add5a4""},""message"":{""S"":""koredame?""},""ts_created_at"":{""S"":""2026-02-07T02:33:46.520Z""},""username"":{""S"":""hi""}}},{""M"":{""id"":{""S"":""214cf531-198c-4634-b388-a4e043af530a""},""message"":{""S"":""aaaaaaaaaaa""},""ts_created_at"":{""S"":""2026-02-07T02:54:49.177Z""},""username"":{""S"":""hi""}}},{""M"":{""id"":{""S"":""93a48d64-01e2-41c5-8401-61f162412706""},""message"":{""S"":""nnnnaaaaaaaaaaaaaaaaaaaaaaa""},""ts_created_at"":{""S"":""2026-02-07T02:56:50.000Z""},""username"":{""S"":""hii""}}}]",,"[""yudai.ito.9124@gmail.com""]",,,,,,,,,,,,,,,,,,,,,,
QR#8df94a76-3e3c-4d66-8cf0-208b52cb05b5,METADATA,,,,,,,QR#UNASSIGNED,2026/2/25 18:03,,,,,,,,,,,,83094786,,,,,,UNASSIGNED,,,,,2026/2/25 18:03,,,,,2026/2/25 18:03,,
QR#c0eab5b8-eede-4ea2-885f-e3b9cea203bb,ORDER,èZèä,,ì˙ñ{óXï÷,,meil@mail.com,,,,,,,,,,ñºëO,,,,ìdòbî‘çÜ,,,,,,,,í«ê’î‘çÜÇÕÇ†ÇËÇ‹ÇπÇÒ,,,,,,,2026/2/5 8:56,2026/2/5 8:55,2026/2/5 8:56,,óXï÷î‘çÜ
QR#8ebfd1b6-a304-429e-9bd0-514bd1a63391,CHAT,,,,,,,,,,,,,,"[{""M"":{""id"":{""S"":""4adb22fb-f7b6-4168-b041-349334aae212""},""message"":{""S"":""waaaaaaaaaaaaaaa""},""ts_created_at"":{""S"":""2026-02-06T13:40:57.650Z""},""username"":{""S"":""aaa""}}},{""M"":{""id"":{""S"":""1f88d10e-9349-4f38-a62b-9b1a225a43b0""},""message"":{""S"":""systema""},""ts_created_at"":{""S"":""2026-02-06T16:17:45.025Z""},""username"":{""S"":""Systema""}}}]",,"[""yudai.ito.9124@gmail.com""]",,,,,,,,,,,,,,,,,,,,,,
QR#e327f006-4452-4a89-9892-90f82e3e59b1,CHAT,,,,,,"{""autelmmaster@gmail.com"":{""S"":""ja""}}",,,,,,,,"[{""M"":{""id"":{""S"":""28116b17-7822-44f1-8bed-804b1a0262d8""},""message"":{""S"":""DeliveryCompleted""},""ts_created_at"":{""S"":""2026-02-09T04:01:18.512Z""},""username"":{""S"":""System""}}}]",,"[""autelmmaster@gmail.com""]",,,,,,,,,,,,,,,,,,,,,,
QR#e327f006-4452-4a89-9892-90f82e3e59b1,METADATA,,,,,,,QR#COMPLETED,2026/2/9 12:34,SHOP#e092f365-53f4-4747-a63f-723c3ac1d84f,2026/2/9 12:55,,,äwí∑ÇπÇÒÇ◊Ç¢ÇÇ®äyÇµÇ›Ç≠ÇæÇ≥Ç¢ÅI,,,,,$2b$10$igQgWIcpyNEEARShbxmyEeHiKgkNCLIVcbv2QMDCpYV4mLi9DFlqe,,12358792,,,,e9c0a184-bb95-479e-8af6-5bc51d9c68e1,e092f365-53f4-4747-a63f-723c3ac1d84f,COMPLETED,,2026/2/9 12:55,,2026/2/9 13:01,2026/2/9 12:34,2026/2/10 12:55,2026/2/9 12:55,2026/2/9 13:00,2026/2/9 12:59,2026/2/9 13:01,,
QR#e327f006-4452-4a89-9892-90f82e3e59b1,ORDER,èHìcésñ{ìπ1-1-1,,ÉÑÉ}Égâ^óA,,autelmmaster@gmail.com,,,,,,,,,,éRâ™çÅï‰,,,,0188017179,,,,,,,,1234-5678,,,,,,,2026/2/9 13:00,2026/2/9 12:59,2026/2/9 13:00,,000-1111
QR#c77cc289-5d77-4f14-9630-429f16e9eb7b,METADATA,,,,,,,QR#ACTIVE,2026/2/9 14:00,SHOP#e092f365-53f4-4747-a63f-723c3ac1d84f,2026/2/20 11:10,,â™˙±êÊê∂,,,,,,,,29870980,,,,f7061789-16d0-45a4-98fa-8198b54e5b08,e092f365-53f4-4747-a63f-723c3ac1d84f,ACTIVE,,2026/2/20 11:10,,,2026/2/9 14:00,2026/8/19 11:10,2026/2/20 11:10,,,2026/2/20 11:10,,
QR#9eaa0829-ca65-4b4c-a1e1-ec73fc42a99a,ORDER,11111111111,,aaaa kaisha,,,,,,,,,,,,ÇÌÇ†Ç†Ç†Ç†Ç†Ç†Ç†Ç†Ç†Ç†Ç†Ç†Ç†Ç†,,,,11111111111,,,,,,,,tracking,,,,,,,2026/2/5 8:46,2026/2/5 8:45,2026/2/5 8:46,,1111111111
QR#d597e462-6402-46a4-a4df-59cdc5067e0c,METADATA,,,,,,,QR#BANNED,2026/2/10 9:50,,,,,,,,,,,,98875452,,,,,,BANNED,,,2026/2/24 10:14,,2026/2/10 9:50,,,,,2026/2/24 10:14,,
QR#f3d69777-b704-483d-8c80-6610d9c04a9f,METADATA,,,,,,,QR#UNASSIGNED,2026/2/9 14:00,,,,,,,,,,,,39923636,,,,,,UNASSIGNED,,,,,2026/2/9 14:00,,,,,2026/2/9 14:00,,
QR#aab83d62-e420-47f5-82b2-e444e5f994b8,METADATA,,,,,,,QR#BANNED,2026/2/9 11:51,,,,,,,,,,,,79205121,,,,,,BANNED,,,2026/2/9 12:23,,2026/2/9 11:51,,,,,2026/2/9 12:23,,
QR#89fa6e5b-b06c-4243-b771-0007255743f0,METADATA,,,,,,,QR#BANNED,2026/2/9 11:51,,,,,,,,,,,,63446020,,,,,,BANNED,,,2026/2/9 12:23,,2026/2/9 11:51,,,,,2026/2/9 12:23,,
QR#3c97c68e-d37c-4621-a39d-5437b02c3161,METADATA,,,,,,,QR#BANNED,2026/2/10 9:50,,,,,,,,,,,,61983449,,,,,,BANNED,,,2026/2/24 10:14,,2026/2/10 9:50,,,,,2026/2/24 10:14,,
QR#9ecfed6c-24fd-48e7-aab1-1bc03a779ab8,METADATA,,,,,,,QR#BANNED,2026/2/9 11:39,,,,,,,,,,,,11363375,,,,,,BANNED,,,2026/2/9 11:51,,2026/2/9 11:39,,,,,2026/2/9 11:51,,
QR#72e6b8de-6c74-4f41-845a-8d00b22b22fd,CHAT,,,,,,"{""saba38322201@gmail.com"":{""S"":""ja""},""yudai.ito.9124@gmail.com"":{""S"":""ja""}}",,,,,,,,"[{""M"":{""id"":{""S"":""f6c8aabb-a149-4c16-87bc-7d96acd2b2b1""},""message"":{""S"":""ÉÅÉbÉZÅ[ÉWÇæÇÊ""},""ts_created_at"":{""S"":""2026-02-16T01:44:54.062Z""},""username"":{""S"":""ñºëO""}}},{""M"":{""id"":{""S"":""04eaa4d3-b696-45c8-bff0-464e869c1fcd""},""message"":{""S"":""DeliveryCompleted""},""ts_created_at"":{""S"":""2026-02-16T01:51:11.115Z""},""username"":{""S"":""System""}}}]",,"[""saba38322201@gmail.com"",""yudai.ito.9124@gmail.com""]",,,,,,,,,,,,,,,,,,,,,,
QR#72e6b8de-6c74-4f41-845a-8d00b22b22fd,METADATA,,,,,,,QR#COMPLETED,2026/2/10 12:28,SHOP#e092f365-53f4-4747-a63f-723c3ac1d84f,2026/2/16 10:41,,memo,message,,,,,$2b$10$Wu3u315s5VMpCliQ/.2Hpu/0fzVUMLDs3JVCJoCxf3FgrwxOf6Hpy,,87337673,,,,f7061789-16d0-45a4-98fa-8198b54e5b08,e092f365-53f4-4747-a63f-723c3ac1d84f,COMPLETED,,2026/2/16 10:41,,2026/2/16 10:51,2026/2/10 12:28,2026/8/15 10:41,2026/2/16 10:41,2026/2/16 10:47,2026/2/16 10:42,2026/2/16 10:51,,
QR#72e6b8de-6c74-4f41-845a-8d00b22b22fd,ORDER,èZèä,,â^ëóâÔé–,,yudai.ito.9124@gmail.com,,,,,,,,,,ñºëO,,,,000-0000-0000,,,,,,,,0000-0000-0000-0000,,,,,,,2026/2/16 10:47,2026/2/16 10:42,2026/2/16 10:47,,000-0000
QR#a715544e-d5ac-4c12-b114-4da99a4cf97a,METADATA,,,,,,,QR#BANNED,2026/2/9 12:34,SHOP#e092f365-53f4-4747-a63f-723c3ac1d84f,2026/2/9 12:55,,,,,,,,,,74318476,,,,e9c0a184-bb95-479e-8af6-5bc51d9c68e1,e092f365-53f4-4747-a63f-723c3ac1d84f,BANNED,,2026/2/9 12:55,2026/3/1 22:27,,2026/2/9 12:34,2026/2/10 12:55,2026/2/9 12:55,,,2026/3/1 22:27,,
QR#83a5a36c-f675-4d13-8139-c0fc025d9bd0,METADATA,,,,,,,QR#UNASSIGNED,2026/2/24 15:15,,,,,,,,,,,,43319502,,,,,,UNASSIGNED,,,,,2026/2/24 15:15,,,,,2026/2/24 15:15,,
QR#c2c1df63-28ce-4ded-9a0f-76373a6c9ad2,CHAT,,,,,,"{""mana@kanaeya.co.jp"":{""S"":""ja""}}",,,,,,,,"[{""M"":{""id"":{""S"":""895173e6-1f33-461c-b329-25bcd1eec5f4""},""message"":{""S"":""Ç†""},""ts_created_at"":{""S"":""2026-02-24T05:39:06.890Z""},""username"":{""S"":""Ç‹Ç»""}}}]",,"[""mana@kanaeya.co.jp""]",,,,,,,,,,,,,,,,,,,,,,
QR#c2c1df63-28ce-4ded-9a0f-76373a6c9ad2,METADATA,,,,,,,QR#SHIPPED,2026/2/9 14:00,SHOP#e092f365-53f4-4747-a63f-723c3ac1d84f,2026/2/24 14:35,,Teiantest,,,,,,$2b$10$47zWE1gaHhvUzy6kxfaoseFQuMXV9Rz3jOw8sZ/ZY8H/B0wwULIwm,,22799876,,,,f7061789-16d0-45a4-98fa-8198b54e5b08,e092f365-53f4-4747-a63f-723c3ac1d84f,SHIPPED,,2026/2/24 14:35,,,2026/2/9 14:00,2026/8/23 14:35,2026/2/24 14:35,2026/2/24 14:42,2026/2/24 14:38,2026/2/24 14:38,,
QR#c2c1df63-28ce-4ded-9a0f-76373a6c9ad2,ORDER,èHìcåßäÉè„ésìVâ§éöè„ç]êÏ47-1203,,Yamato,,mana@kanaeya.co.jp,,,,,,,,,,‚Vì°ê^ìﬁ,,,,08010586890,,,,,,,,111111111,,,,,,,2026/2/24 14:42,2026/2/24 14:38,2026/2/24 14:42,,0100201
QR#4321bf11-408a-4111-9168-79f4c06b4b1c,METADATA,,,,,,,QR#ACTIVE,2026/2/24 10:13,SHOP#e092f365-53f4-4747-a63f-723c3ac1d84f,2026/2/24 15:49,,äwí∑,,,,,,,,20911882,,,,f7061789-16d0-45a4-98fa-8198b54e5b08,e092f365-53f4-4747-a63f-723c3ac1d84f,ACTIVE,,2026/2/24 15:49,,,2026/2/24 10:13,2026/8/23 15:49,2026/2/24 15:49,,,2026/2/24 15:49,,
QR#fbbf9cdf-ea0e-4bfa-a204-a3d970691456,METADATA,,,,,,,QR#BANNED,2026/2/24 9:08,,,,,,,,,,,,74287333,,,,,,BANNED,,,2026/2/24 10:14,,2026/2/24 9:08,,,,,2026/2/24 10:14,,
